Timestamp,Your name,A Fake Artist Goes to New York,Agricola (Revised Edition),Anomia: Party Edition,Arcs,Arcs: The Blighted Reach Expansion,Art Society,Azul,Blood on the Clocktower,Brass: Birmingham,Cascadia,Clank!: A Deck-Building Adventure,Codenames,Cryptid,DaDaDa,Dead Last,Dead of Winter: A Crossroads Game,Deep Sea Adventure,Don't Get Got!,Dune: Imperium – Uprising,Dune (1979),Durian,Eclipse: Second Dawn for the Galaxy,El Grande,Everdell,Exploding Kittens,Fit to Print,Fort,Furnace,Galaxy Trucker (Second Edition),Great Western Trail: Second Edition,Harmonies,Heat: Pedal to the Metal,Hegemony: Lead Your Class to Victory,Herd Mentality,Inhuman Conditions,Istanbul,Jaipur,Just One,Kingdomino,Lacuna,Lost Cities,Lost Ruins of Arnak,Mansions of Madness: Second Edition,Maskmen,MicroMacro: Crime City – Full House,MLEM: Space Agency,Monikers: Serious Nonsense,Monopoly,Monopoly Deal,Nemesis,Onitama,PARKS,Pax Pamir: Second Edition,Perudo,Queendomino,Quest (Avalon),Ra,Race for the Galaxy,Rival Restaurants,Root,SCOUT,Scythe,Sea Salt & Paper,SETI: Search for Extraterrestrial Intelligence,Skull,Sky Team,Sleeping Gods,Spicy,Spirit Island,Splendor,Startups,Taco Cat Goat Cheese Pizza,Take 5 (6Nimmit),Telestrations After Dark,Terraforming Mars,That's Not a Hat,The Castles of Burgundy,The Lord of the Rings: Duel for Middle-earth,The Mind,The Quest for El Dorado: The Golden Temples,The Search for Planet X,Thunder Road: Vendetta,Trekking Through History,Trio,Twilight Imperium: Fourth Edition,Two Rooms and a Boom,Ultimate Werewolf: Deluxe Edition,UNO,Wavelength
3/24/2025 13:57:56,kim trux,Haven't played yet,Hate it! Wouldn't play again.,Haven't played yet,It's okay,It's okay,Love it! Want to play again.,Love it! Want to play again.,Haven't played yet,Love it! Want to play again.,Love it! Want to play again.,It's okay,It's okay,Don't like it.,Like it! Can play again,Haven't played yet,It's okay,Like it! Can play again,Haven't played yet,Like it! Can play again,Like it! Can play again,It's okay,Haven't played yet,Like it! Can play again,Like it! Can play again,Haven't played yet,Love it! Want to play again.,It's okay,Like it! Can play again,Haven't played yet,Don't like it.,It's okay,Like it! Can play again,Like it! Can play again,Haven't played yet,Haven't played yet,It's okay,Love it! Want to play again.,Don't like it.,Love it! Want to play again.,Like it! Can play again,Love it! Want to play again.,Love it! Want to play again.,Haven't played yet,Like it! Can play again,Love it! Want to play again.,It's okay,Haven't played yet,It's okay,It's okay,Like it! Can play again,Like it! Can play again,Like it! Can play again,It's okay,Haven't played yet,Like it! Can play again,Haven't played yet,Love it! Want to play again.,It's okay,Love it! Want to play again.,It's okay,Love it! Want to play again.,It's okay,Like it! Can play again,Like it! Can play again,Love it! Want to play again.,Love it! Want to play again.,Don't like it.,Like it! Can play again,Don't like it.,Like it! Can play again,Like it! Can play again,Like it! Can play again,Love it! Want to play again.,Haven't played yet,Like it! Can play again,Don't like it.,Love it! Want to play again.,Like it! Can play again,Love it! Want to play again.,Haven't played yet,Like it! Can play again,Hate it! Wouldn't play again.,Love it! Want to play again.,Love it! Want to play again.,Haven't played yet,It's okay,Don't like it.,Don't like it.,Love it! Want to play again.
3/24/2025 13:58:11,Phan,Haven't played yet,Love it! Want to play again.,Haven't played yet,Don't like it.,Haven't played yet,Haven't played yet,Haven't played yet,It's okay,Love it! Want to play again.,Haven't played yet,Love it! Want to play again.,Haven't played yet,Love it! Want to play again.,Haven't played yet,Haven't played yet,Love it! Want to play again.,Like it! Can play again,Don't like it.,Love it! Want to play again.,Haven't played yet,Haven't played yet,Love it! Want to play again.,Haven't played yet,Haven't played yet,It's okay,Love it! Want to play again.,Haven't played yet,Like it! Can play again,Haven't played yet,Love it! Want to play again.,Haven't played yet,Like it! Can play again,Love it! Want to play again.,Haven't played yet,Haven't played yet,Like it! Can play again,It's okay,Love it! Want to play again.,Love it! Want to play again.,Don't like it.,Haven't played yet,Love it! Want to play again.,Haven't played yet,Like it! Can play again,Haven't played yet,Love it! Want to play again.,Haven't played yet,Haven't played yet,Haven't played yet,Love it! Want to play again.,Haven't played yet,Love it! Want to play again.,Love it! Want to play again.,Haven't played yet,Haven't played yet,Haven't played yet,Don't like it.,Haven't played yet,Haven't played yet,Don't like it.,Like it! Can play again,Love it! Want to play again.,Love it! Want to play again.,Haven't played yet,Haven't played yet,Love it! Want to play again.,Haven't played yet,Haven't played yet,Haven't played yet,Love it! Want to play again.,Haven't played yet,It's okay,Haven't played yet,Haven't played yet,Love it! Want to play again.,Haven't played yet,Love it! Want to play again.,Like it! Can play again,Haven't played yet,Haven't played yet,Love it! Want to play again.,Haven't played yet,Haven't played yet,Love it! Want to play again.,Don't like it.,Haven't played yet,Haven't played yet,Haven't played yet,Like it! Can play again
3/24/2025 14:01:12,hoa,Haven't played yet,It's okay,Haven't played yet,Haven't played yet,Haven't played yet,Haven't played yet,Like it! Can play again,Haven't played yet,Haven't played yet,Haven't played yet,Haven't played yet,Haven't played yet,Haven't played yet,Haven't played yet,Haven't played yet,Haven't played yet,Haven't played yet,Haven't played yet,Haven't played yet,Haven't played yet,Haven't played yet,Haven't played yet,Haven't played yet,Haven't played yet,Love it! Want to play again.,Love it! Want to play again.,It's okay,Haven't played yet,Haven't played yet,Haven't played yet,It's okay,Love it! Want to play again.,Haven't played yet,Haven't played yet,Haven't played yet,Like it! Can play again,Haven't played yet,Haven't played yet,Haven't played yet,Like it! Can play again,Haven't played yet,Haven't played yet,Haven't played yet,Like it! Can play again,Haven't played yet,Haven't played yet,Haven't played yet,Love it! Want to play again.,Haven't played yet,Haven't played yet,Haven't played yet,Haven't played yet,Haven't played yet,Haven't played yet,Haven't played yet,Haven't played yet,Haven't played yet,It's okay,Love it! Want to play again.,Love it! Want to play again.,It's okay,Haven't played yet,Like it! Can play again,Haven't played yet,Haven't played yet,Haven't played yet,Haven't played yet,Haven't played yet,Haven't played yet,It's okay,Haven't played yet,Haven't played yet,Haven't played yet,Haven't played yet,Haven't played yet,Haven't played yet,Haven't played yet,Don't like it.,Haven't played yet,Haven't played yet,Like it! Can play again,Haven't played yet,Haven't played yet,Love it! Want to play again.,Haven't played yet,Haven't played yet,Love it! Want to play again.,Love it! Want to play again.,Haven't played yet
3/24/2025 14:09:37,Phạm Ngọc Minh Châu,Haven't played yet,Love it! Want to play again.,Like it! Can play again,Haven't played yet,Haven't played yet,Love it! Want to play again.,Love it! Want to play again.,Hate it! Wouldn't play again.,Love it! Want to play again.,It's okay,Like it! Can play again,Love it! Want to play again.,Haven't played yet,Like it! Can play again,Haven't played yet,Haven't played yet,It's okay,Haven't played yet,Haven't played yet,Haven't played yet,Haven't played yet,Haven't played yet,Haven't played yet,Haven't played yet,Hate it! Wouldn't play again.,Haven't played yet,Haven't played yet,Haven't played yet,Haven't played yet,Haven't played yet,Haven't played yet,Haven't played yet,Haven't played yet,Haven't played yet,Haven't played yet,Haven't played yet,Love it! Want to play again.,Love it! Want to play again.,Like it! Can play again,Like it! Can play again,Love it! Want to play again.,Love it! Want to play again.,Love it! Want to play again.,Haven't played yet,Haven't played yet,Don't like it.,Love it! Want to play again.,It's okay,It's okay,Like it! Can play again,Haven't played yet,Haven't played yet,Haven't played yet,Haven't played yet,Like it! Can play again,Haven't played yet,Like it! Can play again,Haven't played yet,Love it! Want to play again.,Haven't played yet,Love it! Want to play again.,Haven't played yet,It's okay,Love it! Want to play again.,Don't like it.,Love it! Want to play again.,Haven't played yet,It's okay,Haven't played yet,Love it! Want to play again.,Don't like it.,Love it! Want to play again.,Like it! Can play again,Haven't played yet,Haven't played yet,Like it! Can play again,Love it! Want to play again.,Love it! Want to play again.,Like it! Can play again,Haven't played yet,Haven't played yet,Don't like it.,Like it! Can play again,Love it! Want to play again.,Haven't played yet,Haven't played yet,Don't like it.,Like it! Can play again,Love it! Want to play again.
3/24/2025 14:10:08,Linh Nguyen,Haven't played yet,Haven't played yet,It's okay,Don't like it.,Haven't played yet,It's okay,It's okay,Like it! Can play again,Don't like it.,Like it! Can play again,It's okay,It's okay,Hate it! Wouldn't play again.,Don't like it.,It's okay,Love it! Want to play again.,It's okay,It's okay,Like it! Can play again,Haven't played yet,It's okay,It's okay,It's okay,Like it! Can play again,It's okay,Haven't played yet,Haven't played yet,Haven't played yet,Like it! Can play again,Haven't played yet,Like it! Can play again,It's okay,It's okay,Haven't played yet,It's okay,It's okay,It's okay,Like it! Can play again,It's okay,Haven't played yet,Haven't played yet,It's okay,It's okay,It's okay,Love it! Want to play again.,Like it! Can play again,It's okay,Haven't played yet,It's okay,Love it! Want to play again.,Haven't played yet,Like it! Can play again,It's okay,Haven't played yet,Haven't played yet,It's okay,It's okay,It's okay,Love it! Want to play again.,It's okay,Like it! Can play again,Haven't played yet,Like it! Can play again,Haven't played yet,It's okay,Like it! Can play again,It's okay,It's okay,Haven't played yet,It's okay,It's okay,Like it! Can play again,Haven't played yet,Haven't played yet,Hate it! Wouldn't play again.,It's okay,Like it! Can play again,Like it! Can play again,Like it! Can play again,It's okay,Don't like it.,Like it! Can play again,It's okay,Like it! Can play again,It's okay,It's okay,Like it! Can play again,Like it! Can play again,Haven't played yet
3/24/2025 14:22:35,Dex,Don't like it.,Like it! Can play again,Like it! Can play again,Like it! Can play again,Haven't played yet,It's okay,Like it! Can play again,Love it! Want to play again.,Love it! Want to play again.,It's okay,It's okay,It's okay,It's okay,Don't like it.,Don't like it.,It's okay,Don't like it.,Don't like it.,"Love it! Want to play again., Like it! Can play again",Haven't played yet,Don't like it.,Like it! Can play again,It's okay,It's okay,Hate it! Wouldn't play again.,It's okay,It's okay,It's okay,It's okay,Like it! Can play again,"Love it! Want to play again., Like it! Can play again",Love it! Want to play again.,Like it! Can play again,Don't like it.,It's okay,It's okay,Like it! Can play again,It's okay,Like it! Can play again,It's okay,"Like it! Can play again, It's okay",Like it! Can play again,It's okay,Don't like it.,It's okay,It's okay,Like it! Can play again,Hate it! Wouldn't play again.,It's okay,Love it! Want to play again.,It's okay,It's okay,Like it! Can play again,It's okay,Don't like it.,Don't like it.,Like it! Can play again,Like it! Can play again,It's okay,Like it! Can play again,Love it! Want to play again.,Like it! Can play again,It's okay,Like it! Can play again,It's okay,Like it! Can play again,Like it! Can play again,It's okay,Like it! Can play again,Like it! Can play again,It's okay,Don't like it.,Don't like it.,Don't like it.,Love it! Want to play again.,It's okay,Like it! Can play again,Love it! Want to play again.,Like it! Can play again,Like it! Can play again,Like it! Can play again,It's okay,It's okay,Love it! Want to play again.,Like it! Can play again,It's okay,Hate it! Wouldn't play again.,It's okay,It's okay
3/24/2025 14:24:52,Nguyen,Haven't played yet,Like it! Can play again,Like it! Can play again,Love it! Want to play again.,Love it! Want to play again.,It's okay,Like it! Can play again,Like it! Can play again,Love it! Want to play again.,Love it! Want to play again.,Haven't played yet,It's okay,It's okay,Haven't played yet,Haven't played yet,It's okay,It's okay,Haven't played yet,Love it! Want to play again.,Like it! Can play again,It's okay,Love it! Want to play again.,Like it! Can play again,Love it! Want to play again.,Like it! Can play again,It's okay,Haven't played yet,It's okay,Like it! Can play again,Love it! Want to play again.,Love it! Want to play again.,Love it! Want to play again.,Love it! Want to play again.,It's okay,Haven't played yet,Like it! Can play again,Love it! Want to play again.,Like it! Can play again,Like it! Can play again,Haven't played yet,Haven't played yet,Love it! Want to play again.,Love it! Want to play again.,It's okay,Like it! Can play again,It's okay,Haven't played yet,It's okay,It's okay,Love it! Want to play again.,Haven't played yet,Haven't played yet,Love it! Want to play again.,Haven't played yet,Like it! Can play again,Haven't played yet,Like it! Can play again,It's okay,It's okay,It's okay,Like it! Can play again,Love it! Want to play again.,Haven't played yet,Haven't played yet,It's okay,Don't like it.,Haven't played yet,Haven't played yet,Haven't played yet,Like it! Can play again,Haven't played yet,Like it! Can play again,Haven't played yet,It's okay,Like it! Can play again,Love it! Want to play again.,Like it! Can play again,Like it! Can play again,It's okay,Love it! Want to play again.,It's okay,Haven't played yet,Haven't played yet,Love it! Want to play again.,Like it! Can play again,Haven't played yet,Haven't played yet,Like it! Can play again,Like it! Can play again
3/24/2025 14:53:39,Thuy Mac,Haven't played yet,Haven't played yet,Like it! Can play again,Haven't played yet,Haven't played yet,Haven't played yet,"Like it! Can play again, Haven't played yet",Like it! Can play again,Like it! Can play again,Like it! Can play again,Haven't played yet,Like it! Can play again,Haven't played yet,Haven't played yet,Haven't played yet,Like it! Can play again,Haven't played yet,Haven't played yet,Haven't played yet,Haven't played yet,Haven't played yet,Haven't played yet,Haven't played yet,Haven't played yet,Like it! Can play again,Haven't played yet,Haven't played yet,Haven't played yet,Haven't played yet,Haven't played yet,Haven't played yet,Like it! Can play again,Haven't played yet,Like it! Can play again,Haven't played yet,Haven't played yet,Haven't played yet,Haven't played yet,Haven't played yet,Haven't played yet,Haven't played yet,Haven't played yet,Haven't played yet,Like it! Can play again,Haven't played yet,Haven't played yet,Haven't played yet,Like it! Can play again,Like it! Can play again,It's okay,Haven't played yet,Haven't played yet,Haven't played yet,Haven't played yet,Haven't played yet,Haven't played yet,Haven't played yet,Haven't played yet,Like it! Can play again,Haven't played yet,Like it! Can play again,Haven't played yet,Haven't played yet,Like it! Can play again,Like it! Can play again,Haven't played yet,Haven't played yet,Haven't played yet,Haven't played yet,Like it! Can play again,Haven't played yet,Like it! Can play again,Haven't played yet,Haven't played yet,Love it! Want to play again.,Haven't played yet,Haven't played yet,Haven't played yet,Haven't played yet,Haven't played yet,Haven't played yet,Haven't played yet,Haven't played yet,Like it! Can play again,Haven't played yet,Like it! Can play again,Like it! Can play again,Like it! Can play again,Haven't played yet
3/24/2025 15:01:20,Lien,Haven't played yet,Haven't played yet,Haven't played yet,Love it! Want to play again.,Haven't played yet,Haven't played yet,Love it! Want to play again.,Love it! Want to play again.,Love it! Want to play again.,Like it! Can play again,Haven't played yet,Haven't played yet,Love it! Want to play again.,Haven't played yet,Haven't played yet,Love it! Want to play again.,Haven't played yet,Haven't played yet,Haven't played yet,Haven't played yet,Haven't played yet,Like it! Can play again,Haven't played yet,Like it! Can play again,It's okay,Haven't played yet,Haven't played yet,Haven't played yet,Haven't played yet,Haven't played yet,Like it! Can play again,It's okay,Haven't played yet,Haven't played yet,Don't like it.,Haven't played yet,It's okay,Haven't played yet,Haven't played yet,Don't like it.,Haven't played yet,Love it! Want to play again.,Love it! Want to play again.,Haven't played yet,Don't like it.,Haven't played yet,Haven't played yet,Don't like it.,Like it! Can play again,Haven't played yet,Haven't played yet,Haven't played yet,Haven't played yet,Haven't played yet,Haven't played yet,Haven't played yet,Haven't played yet,Haven't played yet,Don't like it.,Love it! Want to play again.,Haven't played yet,Haven't played yet,Haven't played yet,Haven't played yet,It's okay,Love it! Want to play again.,Haven't played yet,Haven't played yet,Haven't played yet,It's okay,Haven't played yet,Haven't played yet,Haven't played yet,Haven't played yet,Love it! Want to play again.,Love it! Want to play again.,Love it! Want to play again.,Love it! Want to play again.,Like it! Can play again,Haven't played yet,Love it! Want to play again.,Haven't played yet,Haven't played yet,Love it! Want to play again.,Haven't played yet,Haven't played yet,Love it! Want to play again.,It's okay,Haven't played yet
3/24/2025 15:21:18,trang,Haven't played yet,Like it! Can play again,It's okay,Haven't played yet,Haven't played yet,Haven't played yet,Like it! Can play again,It's okay,Like it! Can play again,Haven't played yet,Like it! Can play again,It's okay,Love it! Want to play again.,Haven't played yet,Haven't played yet,It's okay,It's okay,Haven't played yet,Haven't played yet,Haven't played yet,Haven't played yet,Like it! Can play again,Haven't played yet,It's okay,Hate it! Wouldn't play again.,Like it! Can play again,Haven't played yet,Haven't played yet,Haven't played yet,Haven't played yet,Haven't played yet,It's okay,Haven't played yet,It's okay,Haven't played yet,Like it! Can play again,Like it! Can play again,Haven't played yet,Like it! Can play again,It's okay,Haven't played yet,Like it! Can play again,Haven't played yet,Haven't played yet,"Like it! Can play again, Haven't played yet",Like it! Can play again,Haven't played yet,Hate it! Wouldn't play again.,Hate it! Wouldn't play again.,Haven't played yet,Haven't played yet,Like it! Can play again,"Like it! Can play again, Don't like it.",Haven't played yet,Haven't played yet,Haven't played yet,It's okay,Haven't played yet,It's okay,It's okay,It's okay,"Like it! Can play again, It's okay",It's okay,Haven't played yet,"It's okay, Don't like it.","Like it! Can play again, It's okay",Haven't played yet,Haven't played yet,Haven't played yet,"Like it! Can play again, It's okay",Haven't played yet,Don't like it.,Haven't played yet,Haven't played yet,"Like it! Can play again, It's okay","Like it! Can play again, It's okay",Haven't played yet,It's okay,Don't like it.,Haven't played yet,Love it! Want to play again.,Haven't played yet,Haven't played yet,"Like it! Can play again, It's okay",Haven't played yet,Haven't played yet,Hate it! Wouldn't play again.,It's okay,"Like it! Can play again, It's okay"
3/24/2025 16:35:44,chau,Haven't played yet,Love it! Want to play again.,It's okay,Haven't played yet,Haven't played yet,Haven't played yet,Like it! Can play again,Don't like it.,Like it! Can play again,Like it! Can play again,Love it! Want to play again.,Haven't played yet,Haven't played yet,It's okay,Haven't played yet,Haven't played yet,Like it! Can play again,Haven't played yet,Like it! Can play again,Haven't played yet,Haven't played yet,Haven't played yet,Love it! Want to play again.,Haven't played yet,Don't like it.,Like it! Can play again,Haven't played yet,Haven't played yet,Like it! Can play again,Haven't played yet,Like it! Can play again,Like it! Can play again,Haven't played yet,Haven't played yet,Haven't played yet,Like it! Can play again,Haven't played yet,Haven't played yet,Like it! Can play again,It's okay,Haven't played yet,Haven't played yet,Haven't played yet,Like it! Can play again,Haven't played yet,Haven't played yet,Haven't played yet,Like it! Can play again,Haven't played yet,Haven't played yet,Haven't played yet,Like it! Can play again,Haven't played yet,Haven't played yet,Haven't played yet,Haven't played yet,Haven't played yet,Haven't played yet,Love it! Want to play again.,Like it! Can play again,Love it! Want to play again.,Haven't played yet,It's okay,Haven't played yet,Haven't played yet,Love it! Want to play again.,Haven't played yet,Haven't played yet,Haven't played yet,Love it! Want to play again.,Haven't played yet,Haven't played yet,Haven't played yet,Haven't played yet,Haven't played yet,Haven't played yet,Like it! Can play again,Like it! Can play again,It's okay,Love it! Want to play again.,Love it! Want to play again.,Haven't played yet,Love it! Want to play again.,Love it! Want to play again.,Haven't played yet,Don't like it.,Don't like it.,It's okay,Haven't played yet